Company,Date,total_score,env_score,soc_score,gov_score,orga_score,policy_score,practice_score,practice_self_score,practice_ext_score,practice_cert_score,sust_policy_score,landbank_score,cert_standards_score,def_biodiv_score,hcv_hcs_score,soils_fire_score,water_chemicals_score,community_land_labour_score,smallholders_suppliers_score,gov_grievance_score,Parent company,Subsidiaries,Bloomberg ticker,Thomson Reuters ticker,Sedol,RSPO Member,Location,Sustainability Report,SR Year
Bakrie Sumatera Plantations Tbk PT,Mar-23,15.5,10.51,19.03,16.67,26.19,16.25,7.69,7.69,0,0,22.7,24.1,5,2.1,9.1,10.2,3.3,26.3,14.3,42.9,Bakrie & Brothers Tbk PT,"PT Huma Indah Mekar (HIM), PT Inti Kemitraan Perdana (IKP), PT Air Muring (AM)",UNSP IJ Equity,UNSP.JK,,,"Indonesia (Sumatra, Bengkulu, Lampung)",https://www.bakriesumatera.com/storage/documents/2022/02/SR_BSP_2015.pdf,2015
Bakrie Sumatera Plantations Tbk PT,Mar-22,16.7,11.82,18.52,18.06,25.61,16.46,10.45,10.45,0,0,-,-,-,-,-,-,-,-,-,-,Bakrie & Brothers Tbk PT,"PT Huma Indah Mekar (HIM), PT Inti Kemitraan Perdana (IKP), PT Air Muring (AM)",UNSP IJ Equity,UNSP.JK,,,"Indonesia (Sumatra, Bengkulu, Lampung)",https://www.bakriesumatera.com/storage/documents/2022/02/SR_BSP_2015.pdf,2015
Bakrie Sumatera Plantations Tbk PT,Mar-21,26.8,20.35,29.29,22,36.21,29.41,17.44,17.44,0,0,-,-,-,-,-,-,-,-,-,-,Bakrie & Brothers Tbk PT,"PT Huma Indah Mekar (HIM), PT Inti Kemitraan Perdana (IKP), PT Air Muring (AM)",UNSP IJ Equity,UNSP.JK,,,"Indonesia (Sumatra, Bengkulu, Lampung)",https://www.bakriesumatera.com/storage/documents/2022/02/SR_BSP_2015.pdf,2015
Bakrie Sumatera Plantations Tbk PT,Nov-19,28.2,20.89,31.16,20.83,35.71,32.29,18.29,18.29,0,0,-,-,-,-,-,-,-,-,-,-,Bakrie & Brothers Tbk PT,"PT Huma Indah Mekar (HIM), PT Inti Kemitraan Perdana (IKP), PT Air Muring (AM)",UNSP IJ Equity,UNSP.JK,,,"Indonesia (Sumatra, Bengkulu, Lampung)",https://www.bakriesumatera.com/storage/documents/2022/02/SR_BSP_2015.pdf,2015
Bridgestone Corporation,Mar-23,43.9,34.85,47.43,59.72,36.25,62.19,25,19.26,5.74,0,93.2,15.2,33.3,40.6,57.1,44.1,15.6,65.1,43.8,75,,"Firestone Natural Rubber Company, LLC",5108 JT Equity,5108.T,,,"Liberia (Harbel), Indonesia (Kalimantan, Sumatra), Thailand (Songkhla)",https://www.bridgestone.com/responsibilities/library/pdf/sr2020.pdf,2020
Bridgestone Corporation,Mar-22,40.2,30.27,43.16,56.94,33.75,52.85,26.82,20.45,6.36,0,-,-,-,-,-,-,-,-,-,-,,"Firestone Natural Rubber Company, LLC",5108 JT Equity,5108.T,,,"Liberia (Harbel), Indonesia (Kalimantan, Sumatra), Thailand (Songkhla)",https://www.bridgestone.com/responsibilities/library/pdf/sr2020.pdf,2020
Bridgestone Corporation,Mar-21,47.3,37.65,55.97,70,46.43,59.31,32.93,23.78,9.15,0,-,-,-,-,-,-,-,-,-,-,,"Firestone Natural Rubber Company, LLC",5108 JT Equity,5108.T,,,"Liberia (Harbel), Indonesia (Kalimantan, Sumatra), Thailand (Songkhla)",https://www.bridgestone.com/responsibilities/library/pdf/sr2020.pdf,2020
Bridgestone Corporation,Nov-19,47.1,35.98,54.86,72.92,41.38,62.5,33.72,16.86,16.86,0,-,-,-,-,-,-,-,-,-,-,,"Firestone Natural Rubber Company, LLC",5108 JT Equity,5108.T,,,"Liberia (Harbel), Indonesia (Kalimantan, Sumatra), Thailand (Songkhla)",https://www.bridgestone.com/responsibilities/library/pdf/sr2020.pdf,2020
Cheng Shin Rubber Industry Co Ltd (正新橡胶工业股份有限公司),Mar-23,41.7,30,41.43,45.16,34.62,52.94,29.69,26.56,3.13,0,55,10,30,25,40,50,34.1,65.2,23.2,67.9,,Maxxis,2105 TT Equity,,,,"China (Xiamen, Chongqing, Zhangzhou), Indonesia, India, Thailand, Taiwan, Viet Nam",https://www.cst.com.tw/upload/edm/2210050918160000002.pdf,2021
Cheng Shin Rubber Industry Co Ltd (正新橡胶工业股份有限公司),Mar-22,24.8,18.15,25.37,39.66,38.46,22,17.74,14.52,3.23,0,-,-,-,-,-,-,-,-,-,-,,Maxxis,2105 TT Equity,,,,"China (Xiamen, Chongqing, Zhangzhou), Indonesia, India, Thailand, Taiwan, Viet Nam",https://www.cst.com.tw/upload/edm/2210050918160000002.pdf,2021
Continental AG,Mar-23,47.3,36.67,50.36,55.65,42.31,61.76,28.13,21.88,6.25,0,85,20,50,45,30,50,18.2,68.5,32.1,67.9,,"General Tire, Continental Reifen Deutschland GmbH",CON GY Equity,,,,"Germany (Hanover, Korbatch), Czech Republic (Otrokovice), Sri Lanka (Kalutara), India (Modipuram), Malaysia (Petllang Jaya), South Africa (Port Elizabeth), Brazil (Camacari), Ecuador (Cuenca), United States of America (Mount Vernon), Mexico (Morella), Portugal (Lousado), Slovakia (Puchov)",https://bit.ly/3VValxw,2021
Continental AG,Mar-22,49.8,37.15,51.87,65.52,48,63,29.84,23.39,6.45,0,-,-,-,-,-,-,-,-,-,-,,"General Tire, Continental Reifen Deutschland GmbH",CON GY Equity,,,,"Germany (Hanover, Korbatch), Czech Republic (Otrokovice), Sri Lanka (Kalutara), India (Modipuram), Malaysia (Petllang Jaya), South Africa (Port Elizabeth), Brazil (Camacari), Ecuador (Cuenca), United States of America (Mount Vernon), Mexico (Morella), Portugal (Lousado), Slovakia (Puchov)",https://bit.ly/3VValxw,2021
FELCRA Bhd,Mar-23,4.5,2.84,6.03,6.58,3.57,7.41,1.49,1.49,0,0,13.6,3.5,0,0,0,0,2.2,7.9,10.7,14.3,,Felcra Processing & Engineering Bhd,1471Z MK Equity,,,,"Malaysia (Kedah, Kelanatan)",,
FELCRA Bhd,Mar-22,4.2,2.63,4.91,10.53,7.14,4.38,1.75,1.75,0,0,-,-,-,-,-,-,-,-,-,-,,Felcra Processing & Engineering Bhd,1471Z MK Equity,,,,"Malaysia (Kedah, Kelanatan)",,
FELCRA Bhd,Mar-21,7.5,5.52,10.36,8,3.45,14.71,1.74,1.74,0,0,-,-,-,-,-,-,-,-,-,-,,Felcra Processing & Engineering Bhd,1471Z MK Equity,,,,"Malaysia (Kedah, Kelanatan)",,
FELCRA Bhd,Nov-19,9,5.79,10.76,12.5,6.9,16.67,1.74,1.74,0,0,-,-,-,-,-,-,-,-,-,-,,Felcra Processing & Engineering Bhd,1471Z MK Equity,,,,"Malaysia (Kedah, Kelanatan)",,
Goodyear Tire & Rubber Company,Mar-23,55.5,46.67,54.64,61.29,51.92,70.59,34.38,28.91,5.47,0,82.5,26.7,50,55,40,69.4,38.6,75,37.5,75,,,GT US Equity,,,,"Brazil, Canada, Chile, China, France, Finland, Germany, India, Indonesia, Japan, Luxembourg, Malaysia, Mexico, Netherlands, Peru, Poland, Singapore, Serbia, Slovenia, South Africa, Thailand, Turkey, United States of America",https://bit.ly/3h7YMnD,2021
Goodyear Tire & Rubber Company,Mar-22,57.2,48.14,56.21,62.07,56,72,34.39,28.74,5.65,0,-,-,-,-,-,-,-,-,-,-,,,GT US Equity,,,,"Brazil, Canada, Chile, China, France, Finland, Germany, India, Indonesia, Japan, Luxembourg, Malaysia, Mexico, Netherlands, Peru, Poland, Singapore, Serbia, Slovenia, South Africa, Thailand, Turkey, United States of America",https://bit.ly/3h7YMnD,2021
Groupe Blattner Elwyn,Mar-23,0,0,0,0,0,0,0,0,0,0,0,0,0,0,0,0,0,0,0,0,,,,,,,"Democratic Republic of the Congo (Yalusaka, Bas-Fleuve, Lisala, Bongandanga)",,
Groupe Blattner Elwyn,Mar-22,0.9,0.82,1.5,0,2.86,0.63,0,0,0,0,-,-,-,-,-,-,-,-,-,-,,,,,,,"Democratic Republic of the Congo (Yalusaka, Bas-Fleuve, Lisala, Bongandanga)",,
Groupe Blattner Elwyn,Mar-21,0.8,1.16,1.45,0,3.7,0,0,0,0,0,-,-,-,-,-,-,-,-,-,-,,,,,,,"Democratic Republic of the Congo (Yalusaka, Bas-Fleuve, Lisala, Bongandanga)",,
Groupe Blattner Elwyn,Nov-19,0.9,1.22,1.41,0,3.7,0,0,0,0,0,-,-,-,-,-,-,-,-,-,-,,,,,,,"Democratic Republic of the Congo (Yalusaka, Bas-Fleuve, Lisala, Bongandanga)",,
Guangdong Guangken Rubber Group Co Ltd (广东省广垦橡胶集团有限公司),Mar-23,0.3,0.35,0.43,0,1.19,0,0,0,0,0,0,1.7,0,0,0,0,0,0,0,0,Guangdong Agribusiness Group Corporation,Thai Hua Rubber Company Ltd,0793645D CH Equity,,,,"China (Guangdong), Indonesia, Malaysia, Thailand",,
Guangdong Guangken Rubber Group Co Ltd (广东省广垦橡胶集团有限公司),Mar-22,0,0,0,0,0,0,0,0,0,0,-,-,-,-,-,-,-,-,-,-,Guangdong Agribusiness Group Corporation,Thai Hua Rubber Company Ltd,0793645D CH Equity,,,,"China (Guangdong), Indonesia, Malaysia, Thailand",,
HAGL Group,Mar-23,7,4.11,9.57,6.76,15.48,5.56,3.41,3.41,0,0,22.7,8.6,0,0,0,4.6,5.4,15.8,0,0,,HAGL International Agriculture Joint Stock Company (HAGL Agrico),HAG VN Equity,HAG.HM,,,"Cambodia, Lao People's Democratic Republic, Viet Nam",http://www.hagl.com.vn/UserFiles/file/25_7_19/AR2018%20HAGL%20Single.pdf,2018
HAGL Group,Mar-22,8,4.7,10.71,6.58,16.67,5.63,4.82,4.82,0,0,-,-,-,-,-,-,-,-,-,-,,HAGL International Agriculture Joint Stock Company (HAGL Agrico),HAG VN Equity,HAG.HM,,,"Cambodia, Lao People's Democratic Republic, Viet Nam",http://www.hagl.com.vn/UserFiles/file/25_7_19/AR2018%20HAGL%20Single.pdf,2018
HAGL Group,Mar-21,12.4,7.27,18.57,10,25.86,9.8,6.4,6.4,0,0,-,-,-,-,-,-,-,-,-,-,,HAGL International Agriculture Joint Stock Company (HAGL Agrico),HAG VN Equity,HAG.HM,,,"Cambodia, Lao People's Democratic Republic, Viet Nam",http://www.hagl.com.vn/UserFiles/file/25_7_19/AR2018%20HAGL%20Single.pdf,2018
HAGL Group,Nov-19,12.1,8.23,17.01,12.5,24.14,8.33,8.14,8.14,0,0,-,-,-,-,-,-,-,-,-,-,,HAGL International Agriculture Joint Stock Company (HAGL Agrico),HAG VN Equity,HAG.HM,,,"Cambodia, Lao People's Democratic Republic, Viet Nam",http://www.hagl.com.vn/UserFiles/file/25_7_19/AR2018%20HAGL%20Single.pdf,2018
Halcyon Agri,Mar-23,66.3,60.55,70.38,67.03,77.78,77.85,44.23,27.15,17.08,0,90.9,63.2,42.1,53.1,54.6,60.7,64.1,78.3,68.8,85.7,,"Corrie MacColl, Halcyon Rubber Company",HACL SP Equity,HALC.SI,,,"Cameroon (Niete, Meyomessala), Malaysia (Kelantan), Côte d'Ivoire (Abidjan), Indonesia (Kalimantan, Jambi, North Sumatra, South Sumatra, Bintan Island), Thailand, China (Hannan, Junnan)",https://www.halcyonagri.com/wp-content/uploads/2022/04/Halcyon_Corporate_Report_2021.pdf,2021
Halcyon Agri,Mar-22,70.9,64.11,72.6,63.19,78.95,79.11,52.83,31.6,21.23,0,-,-,-,-,-,-,-,-,-,-,,"Corrie MacColl, Halcyon Rubber Company",HACL SP Equity,HALC.SI,,,"Cameroon (Niete, Meyomessala), Malaysia (Kelantan), Côte d'Ivoire (Abidjan), Indonesia (Kalimantan, Jambi, North Sumatra, South Sumatra, Bintan Island), Thailand, China (Hannan, Junnan)",https://www.halcyonagri.com/wp-content/uploads/2022/04/Halcyon_Corporate_Report_2021.pdf,2021
Halcyon Agri,Mar-21,77.7,72.87,82.46,77,78.57,89.22,62.5,39.38,23.13,0,-,-,-,-,-,-,-,-,-,-,,"Corrie MacColl, Halcyon Rubber Company",HACL SP Equity,HALC.SI,,,"Cameroon (Niete, Meyomessala), Malaysia (Kelantan), Côte d'Ivoire (Abidjan), Indonesia (Kalimantan, Jambi, North Sumatra, South Sumatra, Bintan Island), Thailand, China (Hannan, Junnan)",https://www.halcyonagri.com/wp-content/uploads/2022/04/Halcyon_Corporate_Report_2021.pdf,2021
Halcyon Agri,Nov-19,69.6,62.99,76.81,59.38,67.86,82.98,55,25.63,29.38,0,-,-,-,-,-,-,-,-,-,-,,"Corrie MacColl, Halcyon Rubber Company",HACL SP Equity,HALC.SI,,,"Cameroon (Niete, Meyomessala), Malaysia (Kelantan), Côte d'Ivoire (Abidjan), Indonesia (Kalimantan, Jambi, North Sumatra, South Sumatra, Bintan Island), Thailand, China (Hannan, Junnan)",https://www.halcyonagri.com/wp-content/uploads/2022/04/Halcyon_Corporate_Report_2021.pdf,2021
Hankook Tire & Technology,Mar-23,55.1,41.67,53.57,62.1,55.77,60.78,45.31,9.38,35.94,0,97.5,10,60,42.5,40,66.7,43.2,80.4,28.6,78.6,"Hankook & Company Co., Ltd.",,161390 KS Equity,,,,"Republic of Korea (Daejeon, Chungcheongnam-do), Indonesia (Java Barat), United States of America (Tennessee), China (Zhejiang, Jiangsu, Chongqing), Hungary",https://bit.ly/3UrH8Kv,2021
Hankook Tire & Technology,Mar-22,51.7,38.19,51.89,56.9,52.08,58,41.13,4.84,36.29,0,-,-,-,-,-,-,-,-,-,-,"Hankook & Company Co., Ltd.",,161390 KS Equity,,,,"Republic of Korea (Daejeon, Chungcheongnam-do), Indonesia (Java Barat), United States of America (Tennessee), China (Zhejiang, Jiangsu, Chongqing), Hungary",https://bit.ly/3UrH8Kv,2021
Indofood Agri Resources Ltd,Mar-23,46.3,36.55,48.68,41.13,47.22,60.39,25.91,24.55,1.36,0,84.1,27.8,5,32.3,78.6,41.7,44.6,68.4,5.6,60.7,PT Indofood Sukses Makmur Tbk,"PT PP London Sumatra Indonesia Tbk (""Lonsum"")",IFAR SP Equity,IFAR.SI,,,"Indonesia (North Sumatra, South Sumatra, and South Sulawesi)",http://www.indofoodagri.com/misc/sr2021.pdf,2021
Indofood Agri Resources Ltd,Mar-22,46.8,37.27,48.61,36.29,45.71,57.24,30,30,0,0,-,-,-,-,-,-,-,-,-,-,PT Indofood Sukses Makmur Tbk,"PT PP London Sumatra Indonesia Tbk (""Lonsum"")",IFAR SP Equity,IFAR.SI,,,"Indonesia (North Sumatra, South Sumatra, and South Sulawesi)",http://www.indofoodagri.com/misc/sr2021.pdf,2021
Indofood Agri Resources Ltd,Mar-21,41.9,31.65,45.7,38.1,53.57,56.67,17.68,17.68,0,0,-,-,-,-,-,-,-,-,-,-,PT Indofood Sukses Makmur Tbk,"PT PP London Sumatra Indonesia Tbk (""Lonsum"")",IFAR SP Equity,IFAR.SI,,,"Indonesia (North Sumatra, South Sumatra, and South Sulawesi)",http://www.indofoodagri.com/misc/sr2021.pdf,2021
Indofood Agri Resources Ltd,Nov-19,13.1,5.49,17.01,22.92,43.1,5.21,1.74,1.74,0,0,-,-,-,-,-,-,-,-,-,-,PT Indofood Sukses Makmur Tbk,"PT PP London Sumatra Indonesia Tbk (""Lonsum"")",IFAR SP Equity,IFAR.SI,,,"Indonesia (North Sumatra, South Sumatra, and South Sulawesi)",http://www.indofoodagri.com/misc/sr2021.pdf,2021
ITOCHU Corporation,Mar-23,62.6,51.43,70.83,66.38,74,70.54,38.33,20,18.33,0,95,75,40,45,60,58.3,18.2,78.3,39.6,75,,Aneka Bumi Pratama PT,8001 JT Equity,,,,Indonesia (South Sumatera and Jambi),https://bit.ly/3tHFtVr,2022
ITOCHU Corporation,Mar-22,57.9,44.78,69.57,67.59,66.67,64.55,37.93,25,12.93,0,-,-,-,-,-,-,-,-,-,-,,Aneka Bumi Pratama PT,8001 JT Equity,,,,Indonesia (South Sumatera and Jambi),https://bit.ly/3tHFtVr,2022
J.A. WATTIE Tbk,Mar-23,20.3,12.88,25,29.29,44.74,18.75,7.54,7.54,0,0,54.6,31,5,0,18.2,19.3,2.2,32.9,8.9,46.4,PT Sarana Agro Investama,,JAWA IJ Equity,JAWA.JK,,,"Indonesia (Java, South Kalimantan)",https://bit.ly/3FLoyYS,2021
J.A. WATTIE Tbk,Mar-22,9.6,4.67,13.48,8.57,21.62,6.96,5.19,5.19,0,0,-,-,-,-,-,-,-,-,-,-,PT Sarana Agro Investama,,JAWA IJ Equity,JAWA.JK,,,"Indonesia (Java, South Kalimantan)",https://bit.ly/3FLoyYS,2021
J.A. WATTIE Tbk,Mar-21,12.6,7.85,17.14,12,27.59,10.78,4.65,4.65,0,0,-,-,-,-,-,-,-,-,-,-,PT Sarana Agro Investama,,JAWA IJ Equity,JAWA.JK,,,"Indonesia (Java, South Kalimantan)",https://bit.ly/3FLoyYS,2021
J.A. WATTIE Tbk,Nov-19,11.3,7.62,13.89,12.5,22.41,10.42,4.65,4.65,0,0,-,-,-,-,-,-,-,-,-,-,PT Sarana Agro Investama,,JAWA IJ Equity,JAWA.JK,,,"Indonesia (Java, South Kalimantan)",https://bit.ly/3FLoyYS,2021
Kirana Megatara,Mar-23,50.9,47.29,52.32,38.64,58.57,68.35,20.91,16.36,4.55,0,65.9,44.7,34.4,43.8,57.1,52.5,51.1,59.9,33.3,57.1,HSF (S) Pte. Ltd.,,KMTR IJ Equity,KMTR.JK,,,"Indonesia (North Sumatra, Jambi, Riau, South Sumatra, Lampung, Bangka Belitung and North, Central and West Kalimantan)",https://www.kiranamegatara.com/uploads/product/Annual_Report_20211.pdf,2021
Kirana Megatara,Mar-22,41.2,37.5,42.35,32.86,36.11,55.06,22.45,18.88,3.57,0,-,-,-,-,-,-,-,-,-,-,HSF (S) Pte. Ltd.,,KMTR IJ Equity,KMTR.JK,,,"Indonesia (North Sumatra, Jambi, Riau, South Sumatra, Lampung, Bangka Belitung and North, Central and West Kalimantan)",https://www.kiranamegatara.com/uploads/product/Annual_Report_20211.pdf,2021
Kirana Megatara,Mar-21,44,40.18,48.91,49,42.59,60.78,24.4,22.02,2.38,0,-,-,-,-,-,-,-,-,-,-,HSF (S) Pte. Ltd.,,KMTR IJ Equity,KMTR.JK,,,"Indonesia (North Sumatra, Jambi, Riau, South Sumatra, Lampung, Bangka Belitung and North, Central and West Kalimantan)",https://www.kiranamegatara.com/uploads/product/Annual_Report_20211.pdf,2021
Kirana Megatara,Nov-19,21.5,15.85,26.74,28.13,32.76,17.71,18.02,13.37,4.65,0,-,-,-,-,-,-,-,-,-,-,HSF (S) Pte. Ltd.,,KMTR IJ Equity,KMTR.JK,,,"Indonesia (North Sumatra, Jambi, Riau, South Sumatra, Lampung, Bangka Belitung and North, Central and West Kalimantan)",https://www.kiranamegatara.com/uploads/product/Annual_Report_20211.pdf,2021
Kumho Tire,Mar-23,38.3,27.33,37.14,41.94,36.54,39.22,38.28,14.84,23.44,0,67.5,6.7,35,30,40,36.1,29.6,55.4,14.3,64.3,Qingdao Doublestar,"Kumho Tire Europe Gmbh, Kumho Tire (H.K.) Co Ltd, Nanjing Kumho Tire Co Ltd, Kumho Tire USA Inc, Kumho Tire (Tianjin) Co Inc, Kumho Tire Georgia Inc, Kumho Tires Canada Inc",073240 KS Equity,,,,"Republic of Korea (Gwangju, Gokseong, Pyeongtaek), China (Nanjing, Tianjin, Changchun), United States of America (Georgia), Viet Nam.",https://www.kumhotire.com/fileViewer/pdf/1663298539810_4430888194281133954/attr/company/2022_SustainabilityReport_ENG.do,2022
Kumho Tire,Mar-22,34.4,22.22,35.82,33.62,44,35,25.81,20.16,5.65,0,-,-,-,-,-,-,-,-,-,-,Qingdao Doublestar,"Kumho Tire Europe Gmbh, Kumho Tire (H.K.) Co Ltd, Nanjing Kumho Tire Co Ltd, Kumho Tire USA Inc, Kumho Tire (Tianjin) Co Inc, Kumho Tire Georgia Inc, Kumho Tires Canada Inc",073240 KS Equity,,,,"Republic of Korea (Gwangju, Gokseong, Pyeongtaek), China (Nanjing, Tianjin, Changchun), United States of America (Georgia), Viet Nam.",https://www.kumhotire.com/fileViewer/pdf/1663298539810_4430888194281133954/attr/company/2022_SustainabilityReport_ENG.do,2022
Michelin,Mar-23,80.1,78.18,79.82,74.64,90,93.44,55.68,38.6,17.08,0,97.7,81.8,36.1,77.1,78.6,86.3,77.1,84.2,81.3,82.1,Compagnie Générale des Établissements Michelin SCA,Royal Lestari Utama,ML FP Equity,,,,"Brazil (Bahia), Indonesia (Jambi, Sumatra and East Kalimantan)",https://www.michelin.com/en/publications/2021-universal-registration-document/,2021
Michelin,Mar-22,81.8,80.83,77.07,73.31,87.18,91.14,62.72,47.72,15,0,-,-,-,-,-,-,-,-,-,-,Compagnie Générale des Établissements Michelin SCA,Royal Lestari Utama,ML FP Equity,,,,"Brazil (Bahia), Indonesia (Jambi, Sumatra and East Kalimantan)",https://www.michelin.com/en/publications/2021-universal-registration-document/,2021
Pirelli & C,Mar-23,61.7,51.71,63.24,66.13,51.92,73.53,50,31.67,18.33,0,90,26.7,60,40,70,75,50,77.2,45.8,82.1,ChemChina,"Pirelli Tyre SpA, Pirelli Ltda, Pirelli Uk Ltd , Pirelli Group Reinsurance Company SA, Pirelli Servizi Amministrazione e Tesoreria SpA, Pirelli International Treasury SpA",PIRC IM Equity,,,,"Argentina (Merlo), Brazil (Campinas, Fiera de Santana, Gravatai), China (Yanzhou, Jiaozou, Shenzhou), Italy (Milan, Bollate, Settimo Torinese), Indonesia (Subang), Germany (Breuberg), Mexico (Silao), Romania (Slatina), Russia (Kirov, Voronezh), Turkey (Izmit), United Kingdom (Burton, Carlisle), United States of America (Rome)",,
Pirelli & C,Mar-22,59.4,52.14,61.15,57.76,48,73,45.69,29.31,16.38,0,-,-,-,-,-,-,-,-,-,-,ChemChina,"Pirelli Tyre SpA, Pirelli Ltda, Pirelli Uk Ltd , Pirelli Group Reinsurance Company SA, Pirelli Servizi Amministrazione e Tesoreria SpA, Pirelli International Treasury SpA",PIRC IM Equity,,,,"Argentina (Merlo), Brazil (Campinas, Fiera de Santana, Gravatai), China (Yanzhou, Jiaozou, Shenzhou), Italy (Milan, Bollate, Settimo Torinese), Indonesia (Subang), Germany (Breuberg), Mexico (Silao), Romania (Slatina), Russia (Kirov, Voronezh), Turkey (Izmit), United Kingdom (Burton, Carlisle), United States of America (Rome)",,
Sampoerna Agro Tbk PT (Hutan Ketapang Industri PT),Mar-23,81.4,75.68,87.11,76.25,78.85,85.47,78.89,8.33,35,35.56,82.5,100,50,81.7,75,62.5,80,91.7,0,95.8,Sampoerna Strategic Group,PT Hutan Ketapang Industri,SGRO IJ Equity,SGRO.JK,,,Indonesia (West Kalimantan),https://bit.ly/3Ev265C,2021
Sampoerna Agro Tbk PT (Hutan Ketapang Industri PT),Mar-22,76,69.4,82.5,68.75,75,81.98,69.29,22.86,46.43,0,-,-,-,-,-,-,-,-,-,-,Sampoerna Strategic Group,PT Hutan Ketapang Industri,SGRO IJ Equity,SGRO.JK,,,Indonesia (West Kalimantan),https://bit.ly/3Ev265C,2021
Sampoerna Agro Tbk PT (Hutan Ketapang Industri PT),Mar-21,72.7,71.03,80.77,62.5,68,84.76,60.94,27.34,33.59,0,-,-,-,-,-,-,-,-,-,-,Sampoerna Strategic Group,PT Hutan Ketapang Industri,SGRO IJ Equity,SGRO.JK,,,Indonesia (West Kalimantan),https://bit.ly/3Ev265C,2021
Sampoerna Agro Tbk PT (Hutan Ketapang Industri PT),Nov-19,72,68.42,79.25,63.24,72.92,84.21,56.45,40.32,16.13,0,-,-,-,-,-,-,-,-,-,-,Sampoerna Strategic Group,PT Hutan Ketapang Industri,SGRO IJ Equity,SGRO.JK,,,Indonesia (West Kalimantan),https://bit.ly/3Ev265C,2021
SIAT Group,Mar-23,42.2,36.45,42.52,32.14,38.16,58.75,23.39,17.74,5.65,0,52.3,31,20,36.5,54.6,41.7,41.3,59.2,10.7,67.9,,"The Compagnie Hévéicole de Cavally (CHC), SIAT Gabon",2028234D BB Equity,,,,"Nigeria, Ghana, Gabon, Côte d'Ivoire",https://siat-group.com/wp-content/uploads/2022/06/SIAT-Sustainability-report-2021-FINAL-en-Website.pdf,2021
SIAT Group,Mar-22,51.8,43.8,53.06,39.29,50,65.19,31.25,23.96,7.29,0,-,-,-,-,-,-,-,-,-,-,,"The Compagnie Hévéicole de Cavally (CHC), SIAT Gabon",2028234D BB Equity,,,,"Nigeria, Ghana, Gabon, Côte d'Ivoire",https://siat-group.com/wp-content/uploads/2022/06/SIAT-Sustainability-report-2021-FINAL-en-Website.pdf,2021
SIAT Group,Mar-21,54.7,48.4,61.89,58.33,62.5,72.22,29.38,24.38,5,0,-,-,-,-,-,-,-,-,-,-,,"The Compagnie Hévéicole de Cavally (CHC), SIAT Gabon",2028234D BB Equity,,,,"Nigeria, Ghana, Gabon, Côte d'Ivoire",https://siat-group.com/wp-content/uploads/2022/06/SIAT-Sustainability-report-2021-FINAL-en-Website.pdf,2021
SIAT Group,Nov-19,57.2,48.36,62.87,57.29,61.11,77.66,30.63,23.13,7.5,0,-,-,-,-,-,-,-,-,-,-,,"The Compagnie Hévéicole de Cavally (CHC), SIAT Gabon",2028234D BB Equity,,,,"Nigeria, Ghana, Gabon, Côte d'Ivoire",https://siat-group.com/wp-content/uploads/2022/06/SIAT-Sustainability-report-2021-FINAL-en-Website.pdf,2021
Socfin Group,Mar-23,60.2,55.96,64.28,57.58,59.72,75.32,39.9,23.52,16.38,0,72.7,63.9,40.6,50,75,43.2,64.1,71.7,41.7,78.6,Hubert Fabri,"Société des Caoutchoucs de Grand-Béréby (SOGB), Sud Comoe Caoutchouc (SCC), PT Socfin Indonesia (Socfindo), Okomu, Socapalm, SAFACAM, PSG, LAC, SOCFIN-KCD AND COVIPHAMA",SOCFI LX Equity,SLXSF.PK,,,"Cambodia, Cameroon, Cote d'Ivoire, Ghana, Indonesia, Liberia, Nigeria",https://bit.ly/3UXh9ea,2021
Socfin Group,Mar-22,62.3,56.86,63.05,53.57,56.76,74.68,47.16,28.04,19.12,0,-,-,-,-,-,-,-,-,-,-,Hubert Fabri,"Société des Caoutchoucs de Grand-Béréby (SOGB), Sud Comoe Caoutchouc (SCC), PT Socfin Indonesia (Socfindo), Okomu, Socapalm, SAFACAM, PSG, LAC, SOCFIN-KCD AND COVIPHAMA",SOCFI LX Equity,SLXSF.PK,,,"Cambodia, Cameroon, Cote d'Ivoire, Ghana, Indonesia, Liberia, Nigeria",https://bit.ly/3UXh9ea,2021
Socfin Group,Mar-21,67.7,62.95,74.25,66,66.07,80.39,53.05,31.71,21.34,0,-,-,-,-,-,-,-,-,-,-,Hubert Fabri,"Société des Caoutchoucs de Grand-Béréby (SOGB), Sud Comoe Caoutchouc (SCC), PT Socfin Indonesia (Socfindo), Okomu, Socapalm, SAFACAM, PSG, LAC, SOCFIN-KCD AND COVIPHAMA",SOCFI LX Equity,SLXSF.PK,,,"Cambodia, Cameroon, Cote d'Ivoire, Ghana, Indonesia, Liberia, Nigeria",https://bit.ly/3UXh9ea,2021
Socfin Group,Nov-19,67,63.31,73.16,64.58,62.96,79.17,55,33.13,21.88,0,-,-,-,-,-,-,-,-,-,-,Hubert Fabri,"Société des Caoutchoucs de Grand-Béréby (SOGB), Sud Comoe Caoutchouc (SCC), PT Socfin Indonesia (Socfindo), Okomu, Socapalm, SAFACAM, PSG, LAC, SOCFIN-KCD AND COVIPHAMA",SOCFI LX Equity,SLXSF.PK,,,"Cambodia, Cameroon, Cote d'Ivoire, Ghana, Indonesia, Liberia, Nigeria",https://bit.ly/3UXh9ea,2021
Société Internationale de Plantations d'Hévéas (SIPH),Mar-23,71.5,69.38,69.21,69.83,74.29,94.08,40.09,20.69,19.4,0,81.8,65.6,59.4,75,72.7,69.3,72.8,75.7,44.4,82.1,SIFCA Group,"Ghana Rubber Estates Limited (GREL), Société Africaine des Plantations d'Hévéa (SAPH), Rubber Estate Nigeria Limited (RENL), Cavalla Rubber Corporation (CRC)",SIPH FP Equity,,,,"Côte d'Ivoire (San-Pédro, Nawa, Abidjan, Sud-Comoé, Indénié-Djuablin), Ghana (Western), Liberia (Maryland County), Nigeria (Ondo)",http://siph.groupesifca.com/fr/developpement-durable/declaration-de-performance-extra-financiere,2021
Société Internationale de Plantations d'Hévéas (SIPH),Mar-22,67.6,63.68,67.53,60.48,71.62,84.87,38.5,26.5,10,0,-,-,-,-,-,-,-,-,-,-,SIFCA Group,"Ghana Rubber Estates Limited (GREL), Société Africaine des Plantations d'Hévéa (SAPH), Rubber Estate Nigeria Limited (RENL), Cavalla Rubber Corporation (CRC)",SIPH FP Equity,,,,"Côte d'Ivoire (San-Pédro, Nawa, Abidjan, Sud-Comoé, Indénié-Djuablin), Ghana (Western), Liberia (Maryland County), Nigeria (Ondo)",http://siph.groupesifca.com/fr/developpement-durable/declaration-de-performance-extra-financiere,2021
Société Internationale de Plantations d'Hévéas (SIPH),Mar-21,58.9,48.84,68.93,65,65.52,73.04,37.79,27.33,10.47,0,-,-,-,-,-,-,-,-,-,-,SIFCA Group,"Ghana Rubber Estates Limited (GREL), Société Africaine des Plantations d'Hévéa (SAPH), Rubber Estate Nigeria Limited (RENL), Cavalla Rubber Corporation (CRC)",SIPH FP Equity,,,,"Côte d'Ivoire (San-Pédro, Nawa, Abidjan, Sud-Comoé, Indénié-Djuablin), Ghana (Western), Liberia (Maryland County), Nigeria (Ondo)",http://siph.groupesifca.com/fr/developpement-durable/declaration-de-performance-extra-financiere,2021
Société Internationale de Plantations d'Hévéas (SIPH),Nov-19,38.7,30.7,48.55,52.08,54.46,40.63,25.61,23.17,2.44,0,-,-,-,-,-,-,-,-,-,-,SIFCA Group,"Ghana Rubber Estates Limited (GREL), Société Africaine des Plantations d'Hévéa (SAPH), Rubber Estate Nigeria Limited (RENL), Cavalla Rubber Corporation (CRC)",SIPH FP Equity,,,,"Côte d'Ivoire (San-Pédro, Nawa, Abidjan, Sud-Comoé, Indénié-Djuablin), Ghana (Western), Liberia (Maryland County), Nigeria (Ondo)",http://siph.groupesifca.com/fr/developpement-durable/declaration-de-performance-extra-financiere,2021
Southland Global Pte Ltd,Mar-23,47.3,36.54,48.13,49.17,37.93,62.5,30.15,22.06,8.09,0,50,30.6,70,55,40,38.9,27.3,65,17.9,67.9,,,6075138Z SP Equity,,,,"Thailand (Southern Region), Indonesia (Sumatera Island and Kalimantan Island), Myanmar (Yangon, Mon state), Malaysia (Sembilan, Kedah), Cote d'Ivoire (Montagnes)",https://www.southlandholding.com/new/dist/img/report/2021/Southland_Rubber_SR2021.pdf,2021
Southland Global Pte Ltd,Mar-22,38.7,27.24,39.84,50,39.29,48.18,22.52,16.45,6.06,0,-,-,-,-,-,-,-,-,-,-,,,6075138Z SP Equity,,,,"Thailand (Southern Region), Indonesia (Sumatera Island and Kalimantan Island), Myanmar (Yangon, Mon state), Malaysia (Sembilan, Kedah), Cote d'Ivoire (Montagnes)",https://www.southlandholding.com/new/dist/img/report/2021/Southland_Rubber_SR2021.pdf,2021
Sri Trang Agro-Industry Public Company Ltd,Mar-23,37.3,29.26,38.53,48.83,43.06,33.55,38.71,13.62,5.17,19.91,70.5,23.5,26.7,22.1,11.1,29.6,41.5,52.1,11.1,82.1,,,STA TB Equity,,,,"Indonesia, Myanmar, Thailand (Songkhla, Suratthani, Trang)",https://www.sritranggroup.com/misc/sustainability/20220707-sta-sd-report-2021-en.pdf,2021
Sri Trang Agro-Industry Public Company Ltd,Mar-22,14.2,9.44,13.94,20.39,24.42,11.88,9.91,9.91,0,0,-,-,-,-,-,-,-,-,-,-,,,STA TB Equity,,,,"Indonesia, Myanmar, Thailand (Songkhla, Suratthani, Trang)",https://www.sritranggroup.com/misc/sustainability/20220707-sta-sd-report-2021-en.pdf,2021
Sumitomo Rubber Industries,Mar-23,38.5,31.67,38.93,39.52,28.85,54.9,20.31,12.5,7.81,0,52.5,6.7,50,50,40,63.9,6.8,55.4,21.4,46.4,,,5110 JT Equity,,,,"Brazil, China, Indonesia, Thailand, United States of America, Turkey, South Africa, Philippines, Malaysia, Slovenia, Switzerland, Viet Nam, Japan.",https://www.srigroup.co.jp/english/sustainability/dvql4p000000f222-att/2022_IntegratedReport.pdf,2022
Sumitomo Rubber Industries,Mar-22,42,36.46,40.67,40.52,30,57,27.42,15.32,12.1,0,-,-,-,-,-,-,-,-,-,-,,,5110 JT Equity,,,,"Brazil, China, Indonesia, Thailand, United States of America, Turkey, South Africa, Philippines, Malaysia, Slovenia, Switzerland, Viet Nam, Japan.",https://www.srigroup.co.jp/english/sustainability/dvql4p000000f222-att/2022_IntegratedReport.pdf,2022
The Yokohama Rubber Co Ltd,Mar-23,50,39.76,50.89,51.56,51.67,57.02,37.84,30.41,7.43,0,77.5,28.6,41.7,30,50,58.3,25,69.2,35.7,82.1,,"Aichi Tire Industry Co Ltd, Yokohama Industrial Products Japan Co Ltd (YMJ), Yokohama Tire Retread Company Limited (YTR), Yokohama Mold Co Ltd (YMC), Yokohama Tire Manufacturing Virginia LLC (YTMV), Yokohama India Pvt Ltd, YT Rubber Co Ltd",5101 JT Equity,,,,"Japan (Hokkaido, Nagano, Ibaraki, Hiroshima, Aichi, Shizuoka, Mie, Kanagawa, Tokyo), United States of America (Mississippi, Virginia), China (Hangzhou, Suzhou), Viet Nam (Binh Duong Province), Thailand (Rayong Province), India (Haryana, Tamil Nadu), Russia (Lipetsk Region), Israel (Hadera), Philippines, Singapore",https://www.y-yokohama.com/csr/information/backnumber/pdf/2022/csr2022_a4_en.pdf,2022
The Yokohama Rubber Co Ltd,Mar-22,44.3,32.1,44.21,47.5,45,52.68,30.56,22.92,7.64,0,-,-,-,-,-,-,-,-,-,-,,"Aichi Tire Industry Co Ltd, Yokohama Industrial Products Japan Co Ltd (YMJ), Yokohama Tire Retread Company Limited (YTR), Yokohama Mold Co Ltd (YMC), Yokohama Tire Manufacturing Virginia LLC (YTMV), Yokohama India Pvt Ltd, YT Rubber Co Ltd",5101 JT Equity,,,,"Japan (Hokkaido, Nagano, Ibaraki, Hiroshima, Aichi, Shizuoka, Mie, Kanagawa, Tokyo), United States of America (Mississippi, Virginia), China (Hangzhou, Suzhou), Viet Nam (Binh Duong Province), Thailand (Rayong Province), India (Haryana, Tamil Nadu), Russia (Lipetsk Region), Israel (Hadera), Philippines, Singapore",https://www.y-yokohama.com/csr/information/backnumber/pdf/2022/csr2022_a4_en.pdf,2022
Top Glove Corporation Bhd,Mar-23,54.5,42.9,48.78,56.25,55,64.91,37.14,1.43,35.71,0,87.5,26.2,16.7,20,40,75,81.3,69.2,25,71.4,,,TOPG MK Equity,,,,"China (Jiang Su), Malaysia (Johor, Kedah, Kelantan, Negeri Sembilan, Perak, Selangor), Thailand (Phuket, Songkhla), Viet Nam (Binh Duong)",https://bit.ly/3US23pB,2022
Top Glove Corporation Bhd,Mar-22,44.5,31.73,45.57,51.67,53.45,49.11,29.41,5.88,23.53,0,-,-,-,-,-,-,-,-,-,-,,,TOPG MK Equity,,,,"China (Jiang Su), Malaysia (Johor, Kedah, Kelantan, Negeri Sembilan, Perak, Selangor), Thailand (Phuket, Songkhla), Viet Nam (Binh Duong)",https://bit.ly/3US23pB,2022
Toyo Tire Corporation,Mar-23,36.7,27,35,38.71,38.46,46.08,20.31,9.38,10.94,0,72.5,6.7,40,50,30,41.7,15.9,54.4,7.1,53.6,,,5105 JT Equity,,,,"China, Japan, Malaysia, Serbia, United States of America",https://www.toyotires-global.com/csr/report/,2022
Viet Nam Rubber Group (VRG),Mar-23,28.8,25.47,33.12,29.12,21.95,46.15,11.25,8.38,2.87,0,59.1,21.2,14.6,27.1,71.4,25,16.7,40.8,9.1,14.3,,"Dong Nai General Rubber Company Limited, Phuoc Hoa Rubber Joint Stock Company, Viet Phu Rieng Rubber Joint Stock Company, Dong Phu Rubber Joint Stock Company, Tan Bien Rubber Joint Stock Company",GVR VN Equity,,,,"Viet Nam (?ông Nam B?, Tây Nam B?, Duyên h?i Mi?nTrung, Tây Nguyên, Phía B?c), Laos, Cambodia (Kampong Thom, Kratie, Rattanakiri, Odor Meanchey, Preah Vihea, Siem Reap, Mondolkiri).",https://vnrubbergroup.com/quan-he-co-dong/Bao-cao-thuong-nien,2022
Viet Nam Rubber Group (VRG),Mar-22,33.3,28.67,34.35,29.29,26.74,48.44,16.75,14.96,1.79,0,-,-,-,-,-,-,-,-,-,-,,"Dong Nai General Rubber Company Limited, Phuoc Hoa Rubber Joint Stock Company, Viet Phu Rieng Rubber Joint Stock Company, Dong Phu Rubber Joint Stock Company, Tan Bien Rubber Joint Stock Company",GVR VN Equity,,,,"Viet Nam (?ông Nam B?, Tây Nam B?, Duyên h?i Mi?nTrung, Tây Nguyên, Phía B?c), Laos, Cambodia (Kampong Thom, Kratie, Rattanakiri, Odor Meanchey, Preah Vihea, Siem Reap, Mondolkiri).",https://vnrubbergroup.com/quan-he-co-dong/Bao-cao-thuong-nien,2022
Viet Nam Rubber Group (VRG),Mar-21,38.5,35.58,45.49,42.86,37.5,55,20.63,18.13,2.5,0,-,-,-,-,-,-,-,-,-,-,,"Dong Nai General Rubber Company Limited, Phuoc Hoa Rubber Joint Stock Company, Viet Phu Rieng Rubber Joint Stock Company, Dong Phu Rubber Joint Stock Company, Tan Bien Rubber Joint Stock Company",GVR VN Equity,,,,"Viet Nam (?ông Nam B?, Tây Nam B?, Duyên h?i Mi?nTrung, Tây Nguyên, Phía B?c), Laos, Cambodia (Kampong Thom, Kratie, Rattanakiri, Odor Meanchey, Preah Vihea, Siem Reap, Mondolkiri).",https://vnrubbergroup.com/quan-he-co-dong/Bao-cao-thuong-nien,2022
Viet Nam Rubber Group (VRG),Nov-19,42.7,38.16,48.13,32.29,42.31,57.45,25.63,21.25,0,0,-,-,-,-,-,-,-,-,-,-,,"Dong Nai General Rubber Company Limited, Phuoc Hoa Rubber Joint Stock Company, Viet Phu Rieng Rubber Joint Stock Company, Dong Phu Rubber Joint Stock Company, Tan Bien Rubber Joint Stock Company",GVR VN Equity,,,,"Viet Nam (?ông Nam B?, Tây Nam B?, Duyên h?i Mi?nTrung, Tây Nguyên, Phía B?c), Laos, Cambodia (Kampong Thom, Kratie, Rattanakiri, Odor Meanchey, Preah Vihea, Siem Reap, Mondolkiri).",https://vnrubbergroup.com/quan-he-co-dong/Bao-cao-thuong-nien,2022
Zhongce Rubber Group Co Ltd (中策橡胶集团有限公司),Mar-23,0.5,0.67,0.72,0,2.08,0,0,0,0,0,0,3.3,0,0,0,0,0,0,0,0,,,HARUBZ CH Equity,,,,"United States of America (California), Brazil (São Paulo), Thailand (Rayong), Germany (Hannover)",,
Zhongce Rubber Group Co Ltd (中策橡胶集团有限公司),Mar-22,0.5,0.69,0.75,0,2,0,0,0,0,0,-,-,-,-,-,-,-,-,-,-,,,HARUBZ CH Equity,,,,"United States of America (California), Brazil (São Paulo), Thailand (Rayong), Germany (Hannover)",,
Royal Lestari Utama,Mar-22,49.9,40.57,59.56,40,54.05,48.73,48.56,9.13,39.42,0,-,-,-,-,-,-,-,-,-,-,Barito Pacific (Satria Cemerlang) and Michelin,"PT. Lestari Asri Jaya, PT. Wanamukti Wisesa, and PT. Multi Kusuma Cemerlang.",BBG00JRZQG98 Equity,,,,"Indonesia (Jambi, Sumatra and East Kalimantan)",https://bit.ly/3HUTwwm,2020
Royal Lestari Utama,Mar-21,55,50.89,64.71,44,53.45,59.8,50,6.1,43.9,0,-,-,-,-,-,-,-,-,-,-,Barito Pacific (Satria Cemerlang) and Michelin,"PT. Lestari Asri Jaya, PT. Wanamukti Wisesa, and PT. Multi Kusuma Cemerlang.",BBG00JRZQG98 Equity,,,,"Indonesia (Jambi, Sumatra and East Kalimantan)",https://bit.ly/3HUTwwm,2020
Royal Lestari Utama,Nov-19,50,47.22,60.32,35,46.43,59.76,42.31,1.28,41.03,0,-,-,-,-,-,-,-,-,-,-,Barito Pacific (Satria Cemerlang) and Michelin,"PT. Lestari Asri Jaya, PT. Wanamukti Wisesa, and PT. Multi Kusuma Cemerlang.",BBG00JRZQG98 Equity,,,,"Indonesia (Jambi, Sumatra and East Kalimantan)",https://bit.ly/3HUTwwm,2020
